code,music_start,created_date,notes
STROOP-A67X,lyric,2026-05-18, Working
STROOP-QY2M,lyric,2024-01-15, Working
STROOP-OL7T,nonlyric,2024-01-15, Working
STROOP-LD3V,nonlyric,2026-05-18, Working
STROOP-IJWJ,lyric,2026-05-18, Working
STROOP-CNOA,lyric,2026-05-18, Working
STROOP-QQI9,nonlyric,2026-05-18, Working
STROOP-I7U1,lyric,2026-05-18, Working
STROOP-AIMX,nonlyric,2026-05-18, Working
STROOP-75Y9,nonlyric,2026-05-18, Working
STROOP-2DHB,lyric,2026-05-18, Working
STROOP-EB9I,nonlyric,2026-05-18, Working
STROOP-ZOXI,nonlyric,2026-05-18, Working
STROOP-MHRH,nonlyric,2026-05-18, Working
STROOP-52E8,nonlyric,2026-05-18, Working
STROOP-175O,nonlyric,2026-05-18, Working
STROOP-Y53U,lyric,2026-05-18, Working
STROOP-4ZKW,lyric,2026-05-18, Working
STROOP-CTS9,lyric,2026-05-18, Working
STROOP-DV0B,lyric,2026-05-18, Working
STROOP-H1VC,nonlyric,2026-05-18, Working
STROOP-5GDM,lyric,2026-05-18, Working
STROOP-3IIS,nonlyric,2026-05-18, Working
STROOP-DT6J,lyric,2026-05-18, Working
STROOP-5WJ0,lyric,2026-05-18, Working
STROOP-3YWJ,lyric,2026-05-18, Working
STROOP-ID9H,nonlyric,2026-05-18, Working
STROOP-94LG,nonlyric,2026-05-18, Working
STROOP-5716,lyric,2026-05-18, Working
STROOP-VVL8,nonlyric,2026-05-18, Working